alert_id,created_at,grouping_variant,evaluation_label_is_sar,source_account_key,source_bank,dominant_destination_bank,dominant_currency,dominant_payment_format,typology,pattern_assigned,transaction_count,total_amount,total_amount_usd,max_amount,max_amount_usd,mean_amount,mean_amount_usd,min_amount,min_amount_usd,median_amount,median_amount_usd,std_amount,std_amount_usd,amount_range,amount_range_usd,amount_per_transaction,amount_per_transaction_usd,unique_destination_accounts,unique_destination_banks,repeated_counterparty_ratio,top_counterparty_tx_share,top_counterparty_amount_share,time_span_hours,avg_gap_hours,max_gap_hours,currency_count,has_mixed_currencies,payment_format_count,same_bank_ratio,cross_bank_ratio,round_amount_ratio,night_ratio,weekend_ratio,created_hour,created_day_of_week,ach_ratio,wire_ratio,cash_ratio,cheque_ratio,credit_card_ratio,reinvestment_ratio,bitcoin_ratio
HI-A0000,2022-09-01T00:00:00Z,source_account_24h,1,100:HI-SRC-0,100,300,US Dollar,wire,unknown,0,4,10000.0,10120.0,4000.0,4080.0,2500.0,2530.0,1000.0,1000.0,2500.0,2520.0,1118.033988749895,1140.6577050105786,3000.0,3080.0,2500.0,2530.0,4,4,0.0,0.25,0.4031620553359684,3.0,1.0,1.0,2,1,1,0.0,1.0,1.0,1.0,0.0,0.0,3.0,0.0,1.0,0.0,0.0,0.0,0.0,0.0
HI-A0001,2022-09-02T00:00:00Z,source_account_24h,0,101:HI-SRC-0,101,300,US Dollar,ach,unknown,0,1,100.0,100.0,100.0,100.0,100.0,100.0,100.0,100.0,100.0,100.0,0.0,0.0,0.0,0.0,100.0,100.0,1,1,0.0,1.0,1.0,0.0,0.0,0.0,1,0,1,0.0,1.0,1.0,1.0,0.0,0.0,4.0,1.0,0.0,0.0,0.0,0.0,0.0,0.0
HI-A0002,2022-09-03T00:00:00Z,source_account_24h,0,102:HI-SRC-0,102,300,US Dollar,ach,unknown,0,1,150.0,150.0,150.0,150.0,150.0,150.0,150.0,150.0,150.0,150.0,0.0,0.0,0.0,0.0,150.0,150.0,1,1,0.0,1.0,1.0,0.0,0.0,0.0,1,0,1,0.0,1.0,0.0,1.0,1.0,0.0,5.0,1.0,0.0,0.0,0.0,0.0,0.0,0.0
HI-A0003,2022-09-04T00:00:00Z,source_account_24h,0,103:HI-SRC-1,103,300,US Dollar,ach,unknown,0,1,200.0,200.0,200.0,200.0,200.0,200.0,200.0,200.0,200.0,200.0,0.0,0.0,0.0,0.0,200.0,200.0,1,1,0.0,1.0,1.0,0.0,0.0,0.0,1,0,1,0.0,1.0,1.0,1.0,1.0,0.0,6.0,1.0,0.0,0.0,0.0,0.0,0.0,0.0
HI-A0004,2022-09-05T00:00:00Z,source_account_24h,1,104:HI-SRC-1,104,300,US Dollar,wire,unknown,0,4,50000.0,50600.0,20000.0,20400.0,12500.0,12650.0,5000.0,5000.0,12500.0,12600.0,5590.169943749474,5703.2885250528925,15000.0,15400.0,12500.0,12650.0,4,4,0.0,0.25,0.4031620553359684,3.0,1.0,1.0,2,1,1,0.0,1.0,1.0,1.0,0.0,0.0,0.0,0.0,1.0,0.0,0.0,0.0,0.0,0.0
HI-A0005,2022-09-06T00:00:00Z,source_account_24h,0,105:HI-SRC-1,105,300,US Dollar,ach,unknown,0,1,300.0,300.0,300.0,300.0,300.0,300.0,300.0,300.0,300.0,300.0,0.0,0.0,0.0,0.0,300.0,300.0,1,1,0.0,1.0,1.0,0.0,0.0,0.0,1,0,1,0.0,1.0,1.0,1.0,0.0,0.0,1.0,1.0,0.0,0.0,0.0,0.0,0.0,0.0
HI-A0006,2022-09-07T00:00:00Z,source_account_24h,0,106:HI-SRC-2,106,300,US Dollar,ach,unknown,0,1,350.0,350.0,350.0,350.0,350.0,350.0,350.0,350.0,350.0,350.0,0.0,0.0,0.0,0.0,350.0,350.0,1,1,0.0,1.0,1.0,0.0,0.0,0.0,1,0,1,0.0,1.0,0.0,1.0,0.0,0.0,2.0,1.0,0.0,0.0,0.0,0.0,0.0,0.0
HI-A0007,2022-09-08T00:00:00Z,source_account_24h,0,100:HI-SRC-2,100,300,US Dollar,ach,unknown,0,1,400.0,400.0,400.0,400.0,400.0,400.0,400.0,400.0,400.0,400.0,0.0,0.0,0.0,0.0,400.0,400.0,1,1,0.0,1.0,1.0,0.0,0.0,0.0,1,0,1,0.0,1.0,1.0,1.0,0.0,0.0,3.0,1.0,0.0,0.0,0.0,0.0,0.0,0.0
HI-A0008,2022-09-09T00:00:00Z,source_account_24h,1,101:HI-SRC-2,101,300,US Dollar,wire,unknown,0,4,90000.0,91080.0,36000.0,36720.0,22500.0,22770.0,9000.0,9000.0,22500.0,22680.0,10062.305898749053,10265.919345095206,27000.0,27720.0,22500.0,22770.0,4,4,0.0,0.25,0.4031620553359684,3.0,1.0,1.0,2,1,1,0.0,1.0,1.0,1.0,0.0,0.0,4.0,0.0,1.0,0.0,0.0,0.0,0.0,0.0
HI-A0009,2022-09-10T00:00:00Z,source_account_24h,0,102:HI-SRC-3,102,300,US Dollar,ach,unknown,0,1,500.0,500.0,500.0,500.0,500.0,500.0,500.0,500.0,500.0,500.0,0.0,0.0,0.0,0.0,500.0,500.0,1,1,0.0,1.0,1.0,0.0,0.0,0.0,1,0,1,0.0,1.0,1.0,1.0,1.0,0.0,5.0,1.0,0.0,0.0,0.0,0.0,0.0,0.0
HI-A0010,2022-09-11T00:00:00Z,source_account_24h,0,103:HI-SRC-3,103,300,US Dollar,ach,unknown,0,1,550.0,550.0,550.0,550.0,550.0,550.0,550.0,550.0,550.0,550.0,0.0,0.0,0.0,0.0,550.0,550.0,1,1,0.0,1.0,1.0,0.0,0.0,0.0,1,0,1,0.0,1.0,0.0,1.0,1.0,0.0,6.0,1.0,0.0,0.0,0.0,0.0,0.0,0.0
HI-A0011,2022-09-12T00:00:00Z,source_account_24h,0,104:HI-SRC-3,104,300,US Dollar,ach,unknown,0,1,600.0,600.0,600.0,600.0,600.0,600.0,600.0,600.0,600.0,600.0,0.0,0.0,0.0,0.0,600.0,600.0,1,1,0.0,1.0,1.0,0.0,0.0,0.0,1,0,1,0.0,1.0,1.0,1.0,0.0,0.0,0.0,1.0,0.0,0.0,0.0,0.0,0.0,0.0
HI-A0012,2022-09-13T00:00:00Z,source_account_24h,1,105:HI-SRC-4,105,300,US Dollar,wire,unknown,0,4,130000.0,131560.0,52000.0,53040.0,32500.0,32890.0,13000.0,13000.0,32500.0,32760.0,14534.441853748633,14828.550165137522,39000.0,40040.0,32500.0,32890.0,4,4,0.0,0.25,0.4031620553359684,3.0,1.0,1.0,2,1,1,0.0,1.0,1.0,1.0,0.0,0.0,1.0,0.0,1.0,0.0,0.0,0.0,0.0,0.0
HI-A0013,2022-09-14T00:00:00Z,source_account_24h,0,106:HI-SRC-4,106,300,US Dollar,ach,unknown,0,1,700.0,700.0,700.0,700.0,700.0,700.0,700.0,700.0,700.0,700.0,0.0,0.0,0.0,0.0,700.0,700.0,1,1,0.0,1.0,1.0,0.0,0.0,0.0,1,0,1,0.0,1.0,1.0,1.0,0.0,0.0,2.0,1.0,0.0,0.0,0.0,0.0,0.0,0.0
HI-A0014,2022-09-15T00:00:00Z,source_account_24h,0,100:HI-SRC-4,100,300,US Dollar,ach,unknown,0,1,750.0,750.0,750.0,750.0,750.0,750.0,750.0,750.0,750.0,750.0,0.0,0.0,0.0,0.0,750.0,750.0,1,1,0.0,1.0,1.0,0.0,0.0,0.0,1,0,1,0.0,1.0,0.0,1.0,0.0,0.0,3.0,1.0,0.0,0.0,0.0,0.0,0.0,0.0
HI-A0015,2022-09-16T00:00:00Z,source_account_24h,0,101:HI-SRC-5,101,300,US Dollar,ach,unknown,0,1,800.0,800.0,800.0,800.0,800.0,800.0,800.0,800.0,800.0,800.0,0.0,0.0,0.0,0.0,800.0,800.0,1,1,0.0,1.0,1.0,0.0,0.0,0.0,1,0,1,0.0,1.0,1.0,1.0,0.0,0.0,4.0,1.0,0.0,0.0,0.0,0.0,0.0,0.0
HI-A0016,2022-09-17T00:00:00Z,source_account_24h,1,102:HI-SRC-5,102,300,US Dollar,wire,unknown,0,4,170000.0,172040.0,68000.0,69360.0,42500.0,43010.0,17000.0,17000.0,42500.0,42840.0,19006.577808748214,19391.180985179835,51000.0,52360.0,42500.0,43010.0,4,4,0.0,0.25,0.4031620553359684,3.0,1.0,1.0,2,1,1,0.0,1.0,1.0,1.0,1.0,0.0,5.0,0.0,1.0,0.0,0.0,0.0,0.0,0.0
HI-A0017,2022-09-18T00:00:00Z,source_account_24h,0,103:HI-SRC-5,103,300,US Dollar,ach,unknown,0,1,900.0,900.0,900.0,900.0,900.0,900.0,900.0,900.0,900.0,900.0,0.0,0.0,0.0,0.0,900.0,900.0,1,1,0.0,1.0,1.0,0.0,0.0,0.0,1,0,1,0.0,1.0,1.0,1.0,1.0,0.0,6.0,1.0,0.0,0.0,0.0,0.0,0.0,0.0
HI-A0018,2022-09-19T00:00:00Z,source_account_24h,0,104:HI-SRC-6,104,300,US Dollar,ach,unknown,0,1,950.0,950.0,950.0,950.0,950.0,950.0,950.0,950.0,950.0,950.0,0.0,0.0,0.0,0.0,950.0,950.0,1,1,0.0,1.0,1.0,0.0,0.0,0.0,1,0,1,0.0,1.0,0.0,1.0,0.0,0.0,0.0,1.0,0.0,0.0,0.0,0.0,0.0,0.0
HI-A0019,2022-09-20T00:00:00Z,source_account_24h,0,105:HI-SRC-6,105,300,US Dollar,ach,unknown,0,1,1000.0,1000.0,1000.0,1000.0,1000.0,1000.0,1000.0,1000.0,1000.0,1000.0,0.0,0.0,0.0,0.0,1000.0,1000.0,1,1,0.0,1.0,1.0,0.0,0.0,0.0,1,0,1,0.0,1.0,1.0,1.0,0.0,0.0,1.0,1.0,0.0,0.0,0.0,0.0,0.0,0.0
HI-A0020,2022-09-21T00:00:00Z,source_account_24h,1,106:HI-SRC-6,106,300,US Dollar,wire,unknown,0,4,210000.0,212520.0,84000.0,85680.0,52500.0,53130.0,21000.0,21000.0,52500.0,52920.0,23478.713763747794,23953.81180522215,63000.0,64680.0,52500.0,53130.0,4,4,0.0,0.25,0.4031620553359684,3.0,1.0,1.0,2,1,1,0.0,1.0,1.0,1.0,0.0,0.0,2.0,0.0,1.0,0.0,0.0,0.0,0.0,0.0
HI-A0021,2022-09-22T00:00:00Z,source_account_24h,0,100:HI-SRC-7,100,300,US Dollar,ach,unknown,0,1,1100.0,1100.0,1100.0,1100.0,1100.0,1100.0,1100.0,1100.0,1100.0,1100.0,0.0,0.0,0.0,0.0,1100.0,1100.0,1,1,0.0,1.0,1.0,0.0,0.0,0.0,1,0,1,0.0,1.0,1.0,1.0,0.0,0.0,3.0,1.0,0.0,0.0,0.0,0.0,0.0,0.0
HI-A0022,2022-09-23T00:00:00Z,source_account_24h,0,101:HI-SRC-7,101,300,US Dollar,ach,unknown,0,1,1150.0,1150.0,1150.0,1150.0,1150.0,1150.0,1150.0,1150.0,1150.0,1150.0,0.0,0.0,0.0,0.0,1150.0,1150.0,1,1,0.0,1.0,1.0,0.0,0.0,0.0,1,0,1,0.0,1.0,0.0,1.0,0.0,0.0,4.0,1.0,0.0,0.0,0.0,0.0,0.0,0.0
HI-A0023,2022-09-24T00:00:00Z,source_account_24h,0,102:HI-SRC-7,102,300,US Dollar,ach,unknown,0,1,1200.0,1200.0,1200.0,1200.0,1200.0,1200.0,1200.0,1200.0,1200.0,1200.0,0.0,0.0,0.0,0.0,1200.0,1200.0,1,1,0.0,1.0,1.0,0.0,0.0,0.0,1,0,1,0.0,1.0,1.0,1.0,1.0,0.0,5.0,1.0,0.0,0.0,0.0,0.0,0.0,0.0
HI-A0024,2022-09-25T00:00:00Z,source_account_24h,1,103:HI-SRC-8,103,300,US Dollar,wire,unknown,0,4,250000.0,253000.0,100000.0,102000.0,62500.0,63250.0,25000.0,25000.0,62500.0,63000.0,27950.84971874737,28516.442625264463,75000.0,77000.0,62500.0,63250.0,4,4,0.0,0.25,0.4031620553359684,3.0,1.0,1.0,2,1,1,0.0,1.0,1.0,1.0,1.0,0.0,6.0,0.0,1.0,0.0,0.0,0.0,0.0,0.0
HI-A0025,2022-09-26T00:00:00Z,source_account_24h,0,104:HI-SRC-8,104,300,US Dollar,ach,unknown,0,1,1300.0,1300.0,1300.0,1300.0,1300.0,1300.0,1300.0,1300.0,1300.0,1300.0,0.0,0.0,0.0,0.0,1300.0,1300.0,1,1,0.0,1.0,1.0,0.0,0.0,0.0,1,0,1,0.0,1.0,1.0,1.0,0.0,0.0,0.0,1.0,0.0,0.0,0.0,0.0,0.0,0.0
HI-A0026,2022-09-27T00:00:00Z,source_account_24h,0,105:HI-SRC-8,105,300,US Dollar,ach,unknown,0,1,1350.0,1350.0,1350.0,1350.0,1350.0,1350.0,1350.0,1350.0,1350.0,1350.0,0.0,0.0,0.0,0.0,1350.0,1350.0,1,1,0.0,1.0,1.0,0.0,0.0,0.0,1,0,1,0.0,1.0,0.0,1.0,0.0,0.0,1.0,1.0,0.0,0.0,0.0,0.0,0.0,0.0
HI-A0027,2022-09-28T00:00:00Z,source_account_24h,0,106:HI-SRC-9,106,300,US Dollar,ach,unknown,0,1,1400.0,1400.0,1400.0,1400.0,1400.0,1400.0,1400.0,1400.0,1400.0,1400.0,0.0,0.0,0.0,0.0,1400.0,1400.0,1,1,0.0,1.0,1.0,0.0,0.0,0.0,1,0,1,0.0,1.0,1.0,1.0,0.0,0.0,2.0,1.0,0.0,0.0,0.0,0.0,0.0,0.0
HI-A0028,2022-09-01T00:00:00Z,source_account_24h,1,100:HI-SRC-9,100,300,US Dollar,wire,unknown,0,4,290000.0,293480.0,116000.0,118320.0,72500.0,73370.0,29000.0,29000.0,72500.0,73080.0,32422.98567374695,33079.07344530678,87000.0,89320.0,72500.0,73370.0,4,4,0.0,0.25,0.4031620553359684,3.0,1.0,1.0,2,1,1,0.0,1.0,1.0,1.0,0.0,0.0,3.0,0.0,1.0,0.0,0.0,0.0,0.0,0.0
HI-A0029,2022-09-02T00:00:00Z,source_account_24h,0,101:HI-SRC-9,101,300,US Dollar,ach,unknown,0,1,1500.0,1500.0,1500.0,1500.0,1500.0,1500.0,1500.0,1500.0,1500.0,1500.0,0.0,0.0,0.0,0.0,1500.0,1500.0,1,1,0.0,1.0,1.0,0.0,0.0,0.0,1,0,1,0.0,1.0,1.0,1.0,0.0,0.0,4.0,1.0,0.0,0.0,0.0,0.0,0.0,0.0
HI-A0030,2022-09-03T00:00:00Z,source_account_24h,0,102:HI-SRC-10,102,300,US Dollar,ach,unknown,0,1,1550.0,1550.0,1550.0,1550.0,1550.0,1550.0,1550.0,1550.0,1550.0,1550.0,0.0,0.0,0.0,0.0,1550.0,1550.0,1,1,0.0,1.0,1.0,0.0,0.0,0.0,1,0,1,0.0,1.0,0.0,1.0,1.0,0.0,5.0,1.0,0.0,0.0,0.0,0.0,0.0,0.0
HI-A0031,2022-09-04T00:00:00Z,source_account_24h,0,103:HI-SRC-10,103,300,US Dollar,ach,unknown,0,1,1600.0,1600.0,1600.0,1600.0,1600.0,1600.0,1600.0,1600.0,1600.0,1600.0,0.0,0.0,0.0,0.0,1600.0,1600.0,1,1,0.0,1.0,1.0,0.0,0.0,0.0,1,0,1,0.0,1.0,1.0,1.0,1.0,0.0,6.0,1.0,0.0,0.0,0.0,0.0,0.0,0.0
HI-A0032,2022-09-05T00:00:00Z,source_account_24h,1,104:HI-SRC-10,104,300,US Dollar,wire,unknown,0,4,330000.0,333960.0,132000.0,134640.0,82500.0,83490.0,33000.0,33000.0,82500.0,83160.0,36895.12162874653,37641.70426534909,99000.0,101640.0,82500.0,83490.0,4,4,0.0,0.25,0.4031620553359684,3.0,1.0,1.0,2,1,1,0.0,1.0,1.0,1.0,0.0,0.0,0.0,0.0,1.0,0.0,0.0,0.0,0.0,0.0
HI-A0033,2022-09-06T00:00:00Z,source_account_24h,0,105:HI-SRC-11,105,300,US Dollar,ach,unknown,0,1,1700.0,1700.0,1700.0,1700.0,1700.0,1700.0,1700.0,1700.0,1700.0,1700.0,0.0,0.0,0.0,0.0,1700.0,1700.0,1,1,0.0,1.0,1.0,0.0,0.0,0.0,1,0,1,0.0,1.0,1.0,1.0,0.0,0.0,1.0,1.0,0.0,0.0,0.0,0.0,0.0,0.0
HI-A0034,2022-09-07T00:00:00Z,source_account_24h,0,106:HI-SRC-11,106,300,US Dollar,ach,unknown,0,1,1750.0,1750.0,1750.0,1750.0,1750.0,1750.0,1750.0,1750.0,1750.0,1750.0,0.0,0.0,0.0,0.0,1750.0,1750.0,1,1,0.0,1.0,1.0,0.0,0.0,0.0,1,0,1,0.0,1.0,0.0,1.0,0.0,0.0,2.0,1.0,0.0,0.0,0.0,0.0,0.0,0.0
HI-A0035,2022-09-08T00:00:00Z,source_account_24h,0,100:HI-SRC-11,100,300,US Dollar,ach,unknown,0,1,1800.0,1800.0,1800.0,1800.0,1800.0,1800.0,1800.0,1800.0,1800.0,1800.0,0.0,0.0,0.0,0.0,1800.0,1800.0,1,1,0.0,1.0,1.0,0.0,0.0,0.0,1,0,1,0.0,1.0,1.0,1.0,0.0,0.0,3.0,1.0,0.0,0.0,0.0,0.0,0.0,0.0
HI-A0036,2022-09-09T00:00:00Z,source_account_24h,1,101:HI-SRC-12,101,300,US Dollar,wire,unknown,0,4,370000.0,374440.0,148000.0,150960.0,92500.0,93610.0,37000.0,37000.0,92500.0,93240.0,41367.25758374611,42204.33508539141,111000.0,113960.0,92500.0,93610.0,4,4,0.0,0.25,0.4031620553359684,3.0,1.0,1.0,2,1,1,0.0,1.0,1.0,1.0,0.0,0.0,4.0,0.0,1.0,0.0,0.0,0.0,0.0,0.0
HI-A0037,2022-09-10T00:00:00Z,source_account_24h,0,102:HI-SRC-12,102,300,US Dollar,ach,unknown,0,1,1900.0,1900.0,1900.0,1900.0,1900.0,1900.0,1900.0,1900.0,1900.0,1900.0,0.0,0.0,0.0,0.0,1900.0,1900.0,1,1,0.0,1.0,1.0,0.0,0.0,0.0,1,0,1,0.0,1.0,1.0,1.0,1.0,0.0,5.0,1.0,0.0,0.0,0.0,0.0,0.0,0.0
HI-A0038,2022-09-11T00:00:00Z,source_account_24h,0,103:HI-SRC-12,103,300,US Dollar,ach,unknown,0,1,1950.0,1950.0,1950.0,1950.0,1950.0,1950.0,1950.0,1950.0,1950.0,1950.0,0.0,0.0,0.0,0.0,1950.0,1950.0,1,1,0.0,1.0,1.0,0.0,0.0,0.0,1,0,1,0.0,1.0,0.0,1.0,1.0,0.0,6.0,1.0,0.0,0.0,0.0,0.0,0.0,0.0
HI-A0039,2022-09-12T00:00:00Z,source_account_24h,0,104:HI-SRC-13,104,300,US Dollar,ach,unknown,0,1,2000.0,2000.0,2000.0,2000.0,2000.0,2000.0,2000.0,2000.0,2000.0,2000.0,0.0,0.0,0.0,0.0,2000.0,2000.0,1,1,0.0,1.0,1.0,0.0,0.0,0.0,1,0,1,0.0,1.0,1.0,1.0,0.0,0.0,0.0,1.0,0.0,0.0,0.0,0.0,0.0,0.0
HI-A0040,2022-09-13T00:00:00Z,source_account_24h,1,105:HI-SRC-13,105,300,US Dollar,wire,unknown,0,4,410000.0,414920.0,164000.0,167280.0,102500.0,103730.0,41000.0,41000.0,102500.0,103320.0,45839.39353874569,46766.96590543372,123000.0,126280.0,102500.0,103730.0,4,4,0.0,0.25,0.4031620553359684,3.0,1.0,1.0,2,1,1,0.0,1.0,1.0,1.0,0.0,0.0,1.0,0.0,1.0,0.0,0.0,0.0,0.0,0.0
HI-A0041,2022-09-14T00:00:00Z,source_account_24h,0,106:HI-SRC-13,106,300,US Dollar,ach,unknown,0,1,2100.0,2100.0,2100.0,2100.0,2100.0,2100.0,2100.0,2100.0,2100.0,2100.0,0.0,0.0,0.0,0.0,2100.0,2100.0,1,1,0.0,1.0,1.0,0.0,0.0,0.0,1,0,1,0.0,1.0,1.0,1.0,0.0,0.0,2.0,1.0,0.0,0.0,0.0,0.0,0.0,0.0
HI-A0042,2022-09-15T00:00:00Z,source_account_24h,0,100:HI-SRC-14,100,300,US Dollar,ach,unknown,0,1,2150.0,2150.0,2150.0,2150.0,2150.0,2150.0,2150.0,2150.0,2150.0,2150.0,0.0,0.0,0.0,0.0,2150.0,2150.0,1,1,0.0,1.0,1.0,0.0,0.0,0.0,1,0,1,0.0,1.0,0.0,1.0,0.0,0.0,3.0,1.0,0.0,0.0,0.0,0.0,0.0,0.0
HI-A0043,2022-09-16T00:00:00Z,source_account_24h,0,101:HI-SRC-14,101,300,US Dollar,ach,unknown,0,1,2200.0,2200.0,2200.0,2200.0,2200.0,2200.0,2200.0,2200.0,2200.0,2200.0,0.0,0.0,0.0,0.0,2200.0,2200.0,1,1,0.0,1.0,1.0,0.0,0.0,0.0,1,0,1,0.0,1.0,1.0,1.0,0.0,0.0,4.0,1.0,0.0,0.0,0.0,0.0,0.0,0.0
HI-A0044,2022-09-17T00:00:00Z,source_account_24h,1,102:HI-SRC-14,102,300,US Dollar,wire,unknown,0,4,450000.0,455400.0,180000.0,183600.0,112500.0,113850.0,45000.0,45000.0,112500.0,113400.0,50311.52949374527,51329.59672547603,135000.0,138600.0,112500.0,113850.0,4,4,0.0,0.25,0.4031620553359684,3.0,1.0,1.0,2,1,1,0.0,1.0,1.0,1.0,1.0,0.0,5.0,0.0,1.0,0.0,0.0,0.0,0.0,0.0
HI-A0045,2022-09-18T00:00:00Z,source_account_24h,0,103:HI-SRC-15,103,300,US Dollar,ach,unknown,0,1,2300.0,2300.0,2300.0,2300.0,2300.0,2300.0,2300.0,2300.0,2300.0,2300.0,0.0,0.0,0.0,0.0,2300.0,2300.0,1,1,0.0,1.0,1.0,0.0,0.0,0.0,1,0,1,0.0,1.0,1.0,1.0,1.0,0.0,6.0,1.0,0.0,0.0,0.0,0.0,0.0,0.0
HI-A0046,2022-09-19T00:00:00Z,source_account_24h,0,104:HI-SRC-15,104,300,US Dollar,ach,unknown,0,1,2350.0,2350.0,2350.0,2350.0,2350.0,2350.0,2350.0,2350.0,2350.0,2350.0,0.0,0.0,0.0,0.0,2350.0,2350.0,1,1,0.0,1.0,1.0,0.0,0.0,0.0,1,0,1,0.0,1.0,0.0,1.0,0.0,0.0,0.0,1.0,0.0,0.0,0.0,0.0,0.0,0.0
HI-A0047,2022-09-20T00:00:00Z,source_account_24h,0,105:HI-SRC-15,105,300,US Dollar,ach,unknown,0,1,2400.0,2400.0,2400.0,2400.0,2400.0,2400.0,2400.0,2400.0,2400.0,2400.0,0.0,0.0,0.0,0.0,2400.0,2400.0,1,1,0.0,1.0,1.0,0.0,0.0,0.0,1,0,1,0.0,1.0,1.0,1.0,0.0,0.0,1.0,1.0,0.0,0.0,0.0,0.0,0.0,0.0
HI-A0048,2022-09-21T00:00:00Z,source_account_24h,1,106:HI-SRC-16,106,300,US Dollar,wire,unknown,0,4,490000.0,495880.0,196000.0,199920.0,122500.0,123970.0,49000.0,49000.0,122500.0,123480.0,54783.66544874485,55892.22754551835,147000.0,150920.0,122500.0,123970.0,4,4,0.0,0.25,0.4031620553359684,3.0,1.0,1.0,2,1,1,0.0,1.0,1.0,1.0,0.0,0.0,2.0,0.0,1.0,0.0,0.0,0.0,0.0,0.0
HI-A0049,2022-09-22T00:00:00Z,source_account_24h,0,100:HI-SRC-16,100,300,US Dollar,ach,unknown,0,1,2500.0,2500.0,2500.0,2500.0,2500.0,2500.0,2500.0,2500.0,2500.0,2500.0,0.0,0.0,0.0,0.0,2500.0,2500.0,1,1,0.0,1.0,1.0,0.0,0.0,0.0,1,0,1,0.0,1.0,1.0,1.0,0.0,0.0,3.0,1.0,0.0,0.0,0.0,0.0,0.0,0.0
HI-A0050,2022-09-23T00:00:00Z,source_account_24h,0,101:HI-SRC-16,101,300,US Dollar,ach,unknown,0,1,2550.0,2550.0,2550.0,2550.0,2550.0,2550.0,2550.0,2550.0,2550.0,2550.0,0.0,0.0,0.0,0.0,2550.0,2550.0,1,1,0.0,1.0,1.0,0.0,0.0,0.0,1,0,1,0.0,1.0,0.0,1.0,0.0,0.0,4.0,1.0,0.0,0.0,0.0,0.0,0.0,0.0
HI-A0051,2022-09-24T00:00:00Z,source_account_24h,0,102:HI-SRC-17,102,300,US Dollar,ach,unknown,0,1,2600.0,2600.0,2600.0,2600.0,2600.0,2600.0,2600.0,2600.0,2600.0,2600.0,0.0,0.0,0.0,0.0,2600.0,2600.0,1,1,0.0,1.0,1.0,0.0,0.0,0.0,1,0,1,0.0,1.0,1.0,1.0,1.0,0.0,5.0,1.0,0.0,0.0,0.0,0.0,0.0,0.0
HI-A0052,2022-09-25T00:00:00Z,source_account_24h,1,103:HI-SRC-17,103,300,US Dollar,wire,unknown,0,4,530000.0,536360.0,212000.0,216240.0,132500.0,134090.0,53000.0,53000.0,132500.0,133560.0,59255.80140374443,60454.85836556066,159000.0,163240.0,132500.0,134090.0,4,4,0.0,0.25,0.4031620553359684,3.0,1.0,1.0,2,1,1,0.0,1.0,1.0,1.0,1.0,0.0,6.0,0.0,1.0,0.0,0.0,0.0,0.0,0.0
HI-A0053,2022-09-26T00:00:00Z,source_account_24h,0,104:HI-SRC-17,104,300,US Dollar,ach,unknown,0,1,2700.0,2700.0,2700.0,2700.0,2700.0,2700.0,2700.0,2700.0,2700.0,2700.0,0.0,0.0,0.0,0.0,2700.0,2700.0,1,1,0.0,1.0,1.0,0.0,0.0,0.0,1,0,1,0.0,1.0,1.0,1.0,0.0,0.0,0.0,1.0,0.0,0.0,0.0,0.0,0.0,0.0
HI-A0054,2022-09-27T00:00:00Z,source_account_24h,0,105:HI-SRC-18,105,300,US Dollar,ach,unknown,0,1,2750.0,2750.0,2750.0,2750.0,2750.0,2750.0,2750.0,2750.0,2750.0,2750.0,0.0,0.0,0.0,0.0,2750.0,2750.0,1,1,0.0,1.0,1.0,0.0,0.0,0.0,1,0,1,0.0,1.0,0.0,1.0,0.0,0.0,1.0,1.0,0.0,0.0,0.0,0.0,0.0,0.0
HI-A0055,2022-09-28T00:00:00Z,source_account_24h,0,106:HI-SRC-18,106,300,US Dollar,ach,unknown,0,1,2800.0,2800.0,2800.0,2800.0,2800.0,2800.0,2800.0,2800.0,2800.0,2800.0,0.0,0.0,0.0,0.0,2800.0,2800.0,1,1,0.0,1.0,1.0,0.0,0.0,0.0,1,0,1,0.0,1.0,1.0,1.0,0.0,0.0,2.0,1.0,0.0,0.0,0.0,0.0,0.0,0.0
HI-A0056,2022-09-01T00:00:00Z,source_account_24h,1,100:HI-SRC-18,100,300,US Dollar,wire,unknown,0,4,570000.0,576840.0,228000.0,232560.0,142500.0,144210.0,57000.0,57000.0,142500.0,143640.0,63727.937358744006,65017.48918560298,171000.0,175560.0,142500.0,144210.0,4,4,0.0,0.25,0.4031620553359684,3.0,1.0,1.0,2,1,1,0.0,1.0,1.0,1.0,0.0,0.0,3.0,0.0,1.0,0.0,0.0,0.0,0.0,0.0
HI-A0057,2022-09-02T00:00:00Z,source_account_24h,0,101:HI-SRC-19,101,300,US Dollar,ach,unknown,0,1,2900.0,2900.0,2900.0,2900.0,2900.0,2900.0,2900.0,2900.0,2900.0,2900.0,0.0,0.0,0.0,0.0,2900.0,2900.0,1,1,0.0,1.0,1.0,0.0,0.0,0.0,1,0,1,0.0,1.0,1.0,1.0,0.0,0.0,4.0,1.0,0.0,0.0,0.0,0.0,0.0,0.0
HI-A0058,2022-09-03T00:00:00Z,source_account_24h,0,102:HI-SRC-19,102,300,US Dollar,ach,unknown,0,1,2950.0,2950.0,2950.0,2950.0,2950.0,2950.0,2950.0,2950.0,2950.0,2950.0,0.0,0.0,0.0,0.0,2950.0,2950.0,1,1,0.0,1.0,1.0,0.0,0.0,0.0,1,0,1,0.0,1.0,0.0,1.0,1.0,0.0,5.0,1.0,0.0,0.0,0.0,0.0,0.0,0.0
HI-A0059,2022-09-04T00:00:00Z,source_account_24h,0,103:HI-SRC-19,103,300,US Dollar,ach,unknown,0,1,3000.0,3000.0,3000.0,3000.0,3000.0,3000.0,3000.0,3000.0,3000.0,3000.0,0.0,0.0,0.0,0.0,3000.0,3000.0,1,1,0.0,1.0,1.0,0.0,0.0,0.0,1,0,1,0.0,1.0,1.0,1.0,1.0,0.0,6.0,1.0,0.0,0.0,0.0,0.0,0.0,0.0
HI-A0060,2022-09-05T00:00:00Z,source_account_24h,1,104:HI-SRC-20,104,300,US Dollar,wire,unknown,0,4,610000.0,617320.0,244000.0,248880.0,152500.0,154330.0,61000.0,61000.0,152500.0,153720.0,68200.07331374359,69580.1200056453,183000.0,187880.0,152500.0,154330.0,4,4,0.0,0.25,0.4031620553359684,3.0,1.0,1.0,2,1,1,0.0,1.0,1.0,1.0,0.0,0.0,0.0,0.0,1.0,0.0,0.0,0.0,0.0,0.0
HI-A0061,2022-09-06T00:00:00Z,source_account_24h,0,105:HI-SRC-20,105,300,US Dollar,ach,unknown,0,1,3100.0,3100.0,3100.0,3100.0,3100.0,3100.0,3100.0,3100.0,3100.0,3100.0,0.0,0.0,0.0,0.0,3100.0,3100.0,1,1,0.0,1.0,1.0,0.0,0.0,0.0,1,0,1,0.0,1.0,1.0,1.0,0.0,0.0,1.0,1.0,0.0,0.0,0.0,0.0,0.0,0.0
HI-A0062,2022-09-07T00:00:00Z,source_account_24h,0,106:HI-SRC-20,106,300,US Dollar,ach,unknown,0,1,3150.0,3150.0,3150.0,3150.0,3150.0,3150.0,3150.0,3150.0,3150.0,3150.0,0.0,0.0,0.0,0.0,3150.0,3150.0,1,1,0.0,1.0,1.0,0.0,0.0,0.0,1,0,1,0.0,1.0,0.0,1.0,0.0,0.0,2.0,1.0,0.0,0.0,0.0,0.0,0.0,0.0
HI-A0063,2022-09-08T00:00:00Z,source_account_24h,0,100:HI-SRC-21,100,300,US Dollar,ach,unknown,0,1,3200.0,3200.0,3200.0,3200.0,3200.0,3200.0,3200.0,3200.0,3200.0,3200.0,0.0,0.0,0.0,0.0,3200.0,3200.0,1,1,0.0,1.0,1.0,0.0,0.0,0.0,1,0,1,0.0,1.0,1.0,1.0,0.0,0.0,3.0,1.0,0.0,0.0,0.0,0.0,0.0,0.0
HI-A0064,2022-09-09T00:00:00Z,source_account_24h,1,101:HI-SRC-21,101,300,US Dollar,wire,unknown,0,4,650000.0,657800.0,260000.0,265200.0,162500.0,164450.0,65000.0,65000.0,162500.0,163800.0,72672.20926874317,74142.7508256876,195000.0,200200.0,162500.0,164450.0,4,4,0.0,0.25,0.4031620553359684,3.0,1.0,1.0,2,1,1,0.0,1.0,1.0,1.0,0.0,0.0,4.0,0.0,1.0,0.0,0.0,0.0,0.0,0.0
HI-A0065,2022-09-10T00:00:00Z,source_account_24h,0,102:HI-SRC-21,102,300,US Dollar,ach,unknown,0,1,3300.0,3300.0,3300.0,3300.0,3300.0,3300.0,3300.0,3300.0,3300.0,3300.0,0.0,0.0,0.0,0.0,3300.0,3300.0,1,1,0.0,1.0,1.0,0.0,0.0,0.0,1,0,1,0.0,1.0,1.0,1.0,1.0,0.0,5.0,1.0,0.0,0.0,0.0,0.0,0.0,0.0
HI-A0066,2022-09-11T00:00:00Z,source_account_24h,0,103:HI-SRC-22,103,300,US Dollar,ach,unknown,0,1,3350.0,3350.0,3350.0,3350.0,3350.0,3350.0,3350.0,3350.0,3350.0,3350.0,0.0,0.0,0.0,0.0,3350.0,3350.0,1,1,0.0,1.0,1.0,0.0,0.0,0.0,1,0,1,0.0,1.0,0.0,1.0,1.0,0.0,6.0,1.0,0.0,0.0,0.0,0.0,0.0,0.0
HI-A0067,2022-09-12T00:00:00Z,source_account_24h,0,104:HI-SRC-22,104,300,US Dollar,ach,unknown,0,1,3400.0,3400.0,3400.0,3400.0,3400.0,3400.0,3400.0,3400.0,3400.0,3400.0,0.0,0.0,0.0,0.0,3400.0,3400.0,1,1,0.0,1.0,1.0,0.0,0.0,0.0,1,0,1,0.0,1.0,1.0,1.0,0.0,0.0,0.0,1.0,0.0,0.0,0.0,0.0,0.0,0.0
HI-A0068,2022-09-13T00:00:00Z,source_account_24h,1,105:HI-SRC-22,105,300,US Dollar,wire,unknown,0,4,690000.0,698280.0,276000.0,281520.0,172500.0,174570.0,69000.0,69000.0,172500.0,173880.0,77144.34522374274,78705.38164572993,207000.0,212520.0,172500.0,174570.0,4,4,0.0,0.25,0.4031620553359684,3.0,1.0,1.0,2,1,1,0.0,1.0,1.0,1.0,0.0,0.0,1.0,0.0,1.0,0.0,0.0,0.0,0.0,0.0
HI-A0069,2022-09-14T00:00:00Z,source_account_24h,0,106:HI-SRC-23,106,300,US Dollar,ach,unknown,0,1,3500.0,3500.0,3500.0,3500.0,3500.0,3500.0,3500.0,3500.0,3500.0,3500.0,0.0,0.0,0.0,0.0,3500.0,3500.0,1,1,0.0,1.0,1.0,0.0,0.0,0.0,1,0,1,0.0,1.0,1.0,1.0,0.0,0.0,2.0,1.0,0.0,0.0,0.0,0.0,0.0,0.0
HI-A0070,2022-09-15T00:00:00Z,source_account_24h,0,100:HI-SRC-23,100,300,US Dollar,ach,unknown,0,1,3550.0,3550.0,3550.0,3550.0,3550.0,3550.0,3550.0,3550.0,3550.0,3550.0,0.0,0.0,0.0,0.0,3550.0,3550.0,1,1,0.0,1.0,1.0,0.0,0.0,0.0,1,0,1,0.0,1.0,0.0,1.0,0.0,0.0,3.0,1.0,0.0,0.0,0.0,0.0,0.0,0.0
HI-A0071,2022-09-16T00:00:00Z,source_account_24h,0,101:HI-SRC-23,101,300,US Dollar,ach,unknown,0,1,3600.0,3600.0,3600.0,3600.0,3600.0,3600.0,3600.0,3600.0,3600.0,3600.0,0.0,0.0,0.0,0.0,3600.0,3600.0,1,1,0.0,1.0,1.0,0.0,0.0,0.0,1,0,1,0.0,1.0,1.0,1.0,0.0,0.0,4.0,1.0,0.0,0.0,0.0,0.0,0.0,0.0
HI-A0072,2022-09-17T00:00:00Z,source_account_24h,1,102:HI-SRC-24,102,300,US Dollar,wire,unknown,0,4,730000.0,738760.0,292000.0,297840.0,182500.0,184690.0,73000.0,73000.0,182500.0,183960.0,81616.48117874232,83268.01246577223,219000.0,224840.0,182500.0,184690.0,4,4,0.0,0.25,0.4031620553359684,3.0,1.0,1.0,2,1,1,0.0,1.0,1.0,1.0,1.0,0.0,5.0,0.0,1.0,0.0,0.0,0.0,0.0,0.0
HI-A0073,2022-09-18T00:00:00Z,source_account_24h,0,103:HI-SRC-24,103,300,US Dollar,ach,unknown,0,1,3700.0,3700.0,3700.0,3700.0,3700.0,3700.0,3700.0,3700.0,3700.0,3700.0,0.0,0.0,0.0,0.0,3700.0,3700.0,1,1,0.0,1.0,1.0,0.0,0.0,0.0,1,0,1,0.0,1.0,1.0,1.0,1.0,0.0,6.0,1.0,0.0,0.0,0.0,0.0,0.0,0.0
HI-A0074,2022-09-19T00:00:00Z,source_account_24h,0,104:HI-SRC-24,104,300,US Dollar,ach,unknown,0,1,3750.0,3750.0,3750.0,3750.0,3750.0,3750.0,3750.0,3750.0,3750.0,3750.0,0.0,0.0,0.0,0.0,3750.0,3750.0,1,1,0.0,1.0,1.0,0.0,0.0,0.0,1,0,1,0.0,1.0,0.0,1.0,0.0,0.0,0.0,1.0,0.0,0.0,0.0,0.0,0.0,0.0
HI-A0075,2022-09-20T00:00:00Z,source_account_24h,0,105:HI-SRC-25,105,300,US Dollar,ach,unknown,0,1,3800.0,3800.0,3800.0,3800.0,3800.0,3800.0,3800.0,3800.0,3800.0,3800.0,0.0,0.0,0.0,0.0,3800.0,3800.0,1,1,0.0,1.0,1.0,0.0,0.0,0.0,1,0,1,0.0,1.0,1.0,1.0,0.0,0.0,1.0,1.0,0.0,0.0,0.0,0.0,0.0,0.0
HI-A0076,2022-09-21T00:00:00Z,source_account_24h,1,106:HI-SRC-25,106,300,US Dollar,wire,unknown,0,4,770000.0,779240.0,308000.0,314160.0,192500.0,194810.0,77000.0,77000.0,192500.0,194040.0,86088.61713374191,87830.64328581454,231000.0,237160.0,192500.0,194810.0,4,4,0.0,0.25,0.4031620553359684,3.0,1.0,1.0,2,1,1,0.0,1.0,1.0,1.0,0.0,0.0,2.0,0.0,1.0,0.0,0.0,0.0,0.0,0.0
HI-A0077,2022-09-22T00:00:00Z,source_account_24h,0,100:HI-SRC-25,100,300,US Dollar,ach,unknown,0,1,3900.0,3900.0,3900.0,3900.0,3900.0,3900.0,3900.0,3900.0,3900.0,3900.0,0.0,0.0,0.0,0.0,3900.0,3900.0,1,1,0.0,1.0,1.0,0.0,0.0,0.0,1,0,1,0.0,1.0,1.0,1.0,0.0,0.0,3.0,1.0,0.0,0.0,0.0,0.0,0.0,0.0
HI-A0078,2022-09-23T00:00:00Z,source_account_24h,0,101:HI-SRC-26,101,300,US Dollar,ach,unknown,0,1,3950.0,3950.0,3950.0,3950.0,3950.0,3950.0,3950.0,3950.0,3950.0,3950.0,0.0,0.0,0.0,0.0,3950.0,3950.0,1,1,0.0,1.0,1.0,0.0,0.0,0.0,1,0,1,0.0,1.0,0.0,1.0,0.0,0.0,4.0,1.0,0.0,0.0,0.0,0.0,0.0,0.0
HI-A0079,2022-09-24T00:00:00Z,source_account_24h,0,102:HI-SRC-26,102,300,US Dollar,ach,unknown,0,1,4000.0,4000.0,4000.0,4000.0,4000.0,4000.0,4000.0,4000.0,4000.0,4000.0,0.0,0.0,0.0,0.0,4000.0,4000.0,1,1,0.0,1.0,1.0,0.0,0.0,0.0,1,0,1,0.0,1.0,1.0,1.0,1.0,0.0,5.0,1.0,0.0,0.0,0.0,0.0,0.0,0.0
